{
    "accuracy": 0.8360655737704918,
    "top3_accuracy": 0.9836065573770492,
    "precision": 0.8548009367681498,
    "recall": 0.8360655737704918,
    "f1_score": 0.8382086947660718,
    "roc_auc": 0.9797217134717136,
    "cohens_kappa": 0.8144204441740188,
    "mcc": 0.8156649684244381,
    "log_loss": 0.8431992572977194,
    "error_rate": 0.16393442622950816
}